run_name,modelo,tratamento,n_features,otimizacao,transform,scaler,imputer_num,encoder,feature_history_columns,feature_history_num_columns,feature_history_run_name,feature_transform_map,r2,rmse,mae,mape,mdape
RandomForest|std_median_ohe|log_metragem_2026_06,RandomForest,std_median_ohe,1,simples,log,StandardScaler,median,OneHotEncoder,metragem,1,RandomForest|std_median_ohe|log_metragem_2026_06,"{""metragem"": ""log""}",0.5739386587706379,701178.6081902096,361519.5951264487,38.13617890599753,24.35575720542905
RandomForest|std_median_ohe|sqrt_quartos_2026_06,RandomForest,std_median_ohe,2,simples,sqrt,StandardScaler,median,OneHotEncoder,"metragem,quartos",2,RandomForest|std_median_ohe|sqrt_quartos_2026_06,"{""metragem"": ""sqrt"", ""quartos"": ""sqrt""}",0.6730496702379789,614233.4771150762,337213.74596296943,35.59420999773328,22.531753935509215
GradientBoosting|std_median_ohe|none_banheiros_2026_06,GradientBoosting,std_median_ohe,3,simples,none,StandardScaler,median,OneHotEncoder,"metragem,quartos,banheiros",3,GradientBoosting|std_median_ohe|none_banheiros_2026_06,"{""metragem"": ""none"", ""quartos"": ""none"", ""banheiros"": ""none""}",0.6885022932375263,599542.5624891785,315863.5328133117,33.1143635378656,21.65541228430539
DecisionTree|std_median_ohe|sqrt_vagas_2026_06,DecisionTree,std_median_ohe,4,simples,sqrt,StandardScaler,median,OneHotEncoder,"metragem,quartos,banheiros,vagas",4,DecisionTree|std_median_ohe|sqrt_vagas_2026_06,"{""metragem"": ""sqrt"", ""quartos"": ""sqrt"", ""banheiros"": ""sqrt"", ""vagas"": ""sqrt""}",0.5647588888318738,708692.02906645,297463.93754447816,29.435196946984664,17.01081612586037
GradientBoosting|std_median_ohe|none_score_escola_privada_2026_06,GradientBoosting,std_median_ohe,5,simples,none,StandardScaler,median,OneHotEncoder,"metragem,quartos,banheiros,vagas,score_escola_privada",5,GradientBoosting|std_median_ohe|none_score_escola_privada_2026_06,"{""metragem"": ""none"", ""quartos"": ""none"", ""banheiros"": ""none"", ""vagas"": ""none"", ""score_escola_privada"": ""none""}",0.6682698425244564,618707.0580384262,290301.3540918063,30.04506041066068,18.437092480092467
GradientBoosting|std_median_ohe|sqrt_score_escola_publica_2026_06,GradientBoosting,std_median_ohe,6,simples,sqrt,StandardScaler,median,OneHotEncoder,"metragem,quartos,banheiros,vagas,score_escola_privada,score_escola_publica",6,GradientBoosting|std_median_ohe|sqrt_score_escola_publica_2026_06,"{""metragem"": ""sqrt"", ""quartos"": ""sqrt"", ""banheiros"": ""sqrt"", ""vagas"": ""sqrt"", ""score_escola_privada"": ""sqrt"", ""score_escola_publica"": ""sqrt""}",0.6611374787097802,625322.9411043074,276745.5402085504,28.657607285948117,17.375581170080963
KNeighbors|raw_zero_ord|log_score_hospitais_2026_06,KNeighbors,raw_zero_ord,7,simples,log,NoneType,constant,OrdinalEncoder,"metragem,quartos,banheiros,vagas,score_escola_privada,score_escola_publica,score_hospitais",7,KNeighbors|raw_zero_ord|log_score_hospitais_2026_06,"{""metragem"": ""log"", ""quartos"": ""log"", ""banheiros"": ""log"", ""vagas"": ""log"", ""score_escola_privada"": ""log"", ""score_escola_publica"": ""log"", ""score_hospitais"": ""log""}",0.6590365335992086,627258.4445042681,287584.8694907187,27.58388864492224,16.651213553018135
GradientBoosting|std_median_ohe|none_score_mercado_2026_06,GradientBoosting,std_median_ohe,8,simples,none,StandardScaler,median,OneHotEncoder,"metragem,quartos,banheiros,vagas,score_escola_privada,score_escola_publica,score_hospitais,score_mercado",8,GradientBoosting|std_median_ohe|none_score_mercado_2026_06,"{""metragem"": ""none"", ""quartos"": ""none"", ""banheiros"": ""none"", ""vagas"": ""none"", ""score_escola_privada"": ""none"", ""score_escola_publica"": ""none"", ""score_hospitais"": ""none"", ""score_mercado"": ""none""}",0.7206907682416557,567721.3646999263,260164.61745839874,26.807914877815886,16.552437603646787
GradientBoosting|std_median_ohe|yeojohnson_score_farmacia_2026_06,GradientBoosting,std_median_ohe,9,simples,yeojohnson,StandardScaler,median,OneHotEncoder,"metragem,quartos,banheiros,vagas,score_escola_privada,score_escola_publica,score_hospitais,score_mercado,score_farmacia",9,GradientBoosting|std_median_ohe|yeojohnson_score_farmacia_2026_06,"{""metragem"": ""yeojohnson"", ""quartos"": ""yeojohnson"", ""banheiros"": ""yeojohnson"", ""vagas"": ""yeojohnson"", ""score_escola_privada"": ""yeojohnson"", ""score_escola_publica"": ""yeojohnson"", ""score_hospitais"": ""yeojohnson"", ""score_mercado"": ""yeojohnson"", ""score_farmacia"": ""yeojohnson""}",0.7268433955301906,561433.6587663745,260632.41770028882,26.927076024624206,16.364872635183215
GradientBoosting|std_median_ohe|none_score_parque_2026_06,GradientBoosting,std_median_ohe,10,simples,none,StandardScaler,median,OneHotEncoder,"metragem,quartos,banheiros,vagas,score_escola_privada,score_escola_publica,score_hospitais,score_mercado,score_farmacia,score_parque",10,GradientBoosting|std_median_ohe|none_score_parque_2026_06,"{""metragem"": ""none"", ""quartos"": ""none"", ""banheiros"": ""none"", ""vagas"": ""none"", ""score_escola_privada"": ""none"", ""score_escola_publica"": ""none"", ""score_hospitais"": ""none"", ""score_mercado"": ""none"", ""score_farmacia"": ""none"", ""score_parque"": ""none""}",0.7374067470030965,550470.9115328128,256389.08939761508,26.616090075583408,16.31744184877533
GradientBoosting|std_median_ohe|log_score_seguranca_2026_06,GradientBoosting,std_median_ohe,11,simples,log,StandardScaler,median,OneHotEncoder,"metragem,quartos,banheiros,vagas,score_escola_privada,score_escola_publica,score_hospitais,score_mercado,score_farmacia,score_parque,score_seguranca",11,GradientBoosting|std_median_ohe|log_score_seguranca_2026_06,"{""metragem"": ""log"", ""quartos"": ""log"", ""banheiros"": ""log"", ""vagas"": ""log"", ""score_escola_privada"": ""log"", ""score_escola_publica"": ""log"", ""score_hospitais"": ""log"", ""score_mercado"": ""log"", ""score_farmacia"": ""log"", ""score_parque"": ""log"", ""score_seguranca"": ""log""}",0.7476542455132325,539623.1765804209,255662.93823947888,26.583411080465048,16.247113198906924
GradientBoosting|std_median_ohe|sqrt_score_educacao_2026_06,GradientBoosting,std_median_ohe,12,simples,sqrt,StandardScaler,median,OneHotEncoder,"metragem,quartos,banheiros,vagas,score_escola_privada,score_escola_publica,score_hospitais,score_mercado,score_farmacia,score_parque,score_seguranca,score_educacao",12,GradientBoosting|std_median_ohe|sqrt_score_educacao_2026_06,"{""metragem"": ""sqrt"", ""quartos"": ""sqrt"", ""banheiros"": ""sqrt"", ""vagas"": ""sqrt"", ""score_escola_privada"": ""sqrt"", ""score_escola_publica"": ""sqrt"", ""score_hospitais"": ""sqrt"", ""score_mercado"": ""sqrt"", ""score_farmacia"": ""sqrt"", ""score_parque"": ""sqrt"", ""score_seguranca"": ""sqrt"", ""score_educacao"": ""sqrt""}",0.7500660213324093,537038.2812865939,256432.024015959,26.314920816450783,16.163747655555298
GradientBoosting|std_median_ohe|sqrt_metro_quadrado_bairro_mean_2026_06,GradientBoosting,std_median_ohe,13,simples,sqrt,StandardScaler,median,OneHotEncoder,"metragem,quartos,banheiros,vagas,score_escola_privada,score_escola_publica,score_hospitais,score_mercado,score_farmacia,score_parque,score_seguranca,score_educacao,metro_quadrado_bairro_mean",13,GradientBoosting|std_median_ohe|sqrt_metro_quadrado_bairro_mean_2026_06,"{""metragem"": ""sqrt"", ""quartos"": ""sqrt"", ""banheiros"": ""sqrt"", ""vagas"": ""sqrt"", ""score_escola_privada"": ""sqrt"", ""score_escola_publica"": ""sqrt"", ""score_hospitais"": ""sqrt"", ""score_mercado"": ""sqrt"", ""score_farmacia"": ""sqrt"", ""score_parque"": ""sqrt"", ""score_seguranca"": ""sqrt"", ""score_educacao"": ""sqrt"", ""metro_quadrado_bairro_mean"": ""sqrt""}",0.7723586675630278,512528.65617794986,243639.38048453463,23.815199231875283,15.069891328274366
GradientBoosting|std_median_ohe|sqrt_metro_quadrado_bairro_median_2026_06,GradientBoosting,std_median_ohe,14,simples,sqrt,StandardScaler,median,OneHotEncoder,"metragem,quartos,banheiros,vagas,score_escola_privada,score_escola_publica,score_hospitais,score_mercado,score_farmacia,score_parque,score_seguranca,score_educacao,metro_quadrado_bairro_mean,metro_quadrado_bairro_median",14,GradientBoosting|std_median_ohe|sqrt_metro_quadrado_bairro_median_2026_06,"{""metragem"": ""sqrt"", ""quartos"": ""sqrt"", ""banheiros"": ""sqrt"", ""vagas"": ""sqrt"", ""score_escola_privada"": ""sqrt"", ""score_escola_publica"": ""sqrt"", ""score_hospitais"": ""sqrt"", ""score_mercado"": ""sqrt"", ""score_farmacia"": ""sqrt"", ""score_parque"": ""sqrt"", ""score_seguranca"": ""sqrt"", ""score_educacao"": ""sqrt"", ""metro_quadrado_bairro_mean"": ""sqrt"", ""metro_quadrado_bairro_median"": ""sqrt""}",0.7724013750021362,512480.5765676538,242540.55039424478,23.820486600631106,14.927463140626173
GradientBoosting|std_median_ohe|none_valor_bairro_mean_2026_06,GradientBoosting,std_median_ohe,15,simples,none,StandardScaler,median,OneHotEncoder,"metragem,quartos,banheiros,vagas,score_escola_privada,score_escola_publica,score_hospitais,score_mercado,score_farmacia,score_parque,score_seguranca,score_educacao,metro_quadrado_bairro_mean,metro_quadrado_bairro_median,valor_bairro_mean",15,GradientBoosting|std_median_ohe|none_valor_bairro_mean_2026_06,"{""metragem"": ""none"", ""quartos"": ""none"", ""banheiros"": ""none"", ""vagas"": ""none"", ""score_escola_privada"": ""none"", ""score_escola_publica"": ""none"", ""score_hospitais"": ""none"", ""score_mercado"": ""none"", ""score_farmacia"": ""none"", ""score_parque"": ""none"", ""score_seguranca"": ""none"", ""score_educacao"": ""none"", ""metro_quadrado_bairro_mean"": ""none"", ""metro_quadrado_bairro_median"": ""none"", ""valor_bairro_mean"": ""none""}",0.7895490176200239,492797.0184873224,240388.10286443637,23.489021228436886,15.000859537552847
GradientBoosting|std_median_ohe|none_bairro_rank_2026_06,GradientBoosting,std_median_ohe,16,simples,none,StandardScaler,median,OneHotEncoder,"metragem,quartos,banheiros,vagas,score_escola_privada,score_escola_publica,score_hospitais,score_mercado,score_farmacia,score_parque,score_seguranca,score_educacao,metro_quadrado_bairro_mean,metro_quadrado_bairro_median,valor_bairro_mean,bairro_rank",16,GradientBoosting|std_median_ohe|none_bairro_rank_2026_06,"{""metragem"": ""none"", ""quartos"": ""none"", ""banheiros"": ""none"", ""vagas"": ""none"", ""score_escola_privada"": ""none"", ""score_escola_publica"": ""none"", ""score_hospitais"": ""none"", ""score_mercado"": ""none"", ""score_farmacia"": ""none"", ""score_parque"": ""none"", ""score_seguranca"": ""none"", ""score_educacao"": ""none"", ""metro_quadrado_bairro_mean"": ""none"", ""metro_quadrado_bairro_median"": ""none"", ""valor_bairro_mean"": ""none"", ""bairro_rank"": ""none""}",0.7823737313125073,501127.5173440923,241498.2881008231,23.581287114266026,15.049889510660671
GradientBoosting|std_median_ohe|log_quartos_por_metro_2026_06,GradientBoosting,std_median_ohe,17,simples,log,StandardScaler,median,OneHotEncoder,"metragem,quartos,banheiros,vagas,score_escola_privada,score_escola_publica,score_hospitais,score_mercado,score_farmacia,score_parque,score_seguranca,score_educacao,metro_quadrado_bairro_mean,metro_quadrado_bairro_median,valor_bairro_mean,bairro_rank,quartos_por_metro",17,GradientBoosting|std_median_ohe|log_quartos_por_metro_2026_06,"{""metragem"": ""log"", ""quartos"": ""log"", ""banheiros"": ""log"", ""vagas"": ""log"", ""score_escola_privada"": ""log"", ""score_escola_publica"": ""log"", ""score_hospitais"": ""log"", ""score_mercado"": ""log"", ""score_farmacia"": ""log"", ""score_parque"": ""log"", ""score_seguranca"": ""log"", ""score_educacao"": ""log"", ""metro_quadrado_bairro_mean"": ""log"", ""metro_quadrado_bairro_median"": ""log"", ""valor_bairro_mean"": ""log"", ""bairro_rank"": ""log"", ""quartos_por_metro"": ""log""}",0.776583104379873,507750.78021258785,242860.38676017895,23.63446978859004,15.054118704669477
RandomForest|std_median_ohe|none_vagas_por_metro_2026_06,RandomForest,std_median_ohe,18,simples,none,StandardScaler,median,OneHotEncoder,"metragem,quartos,banheiros,vagas,score_escola_privada,score_escola_publica,score_hospitais,score_mercado,score_farmacia,score_parque,score_seguranca,score_educacao,metro_quadrado_bairro_mean,metro_quadrado_bairro_median,valor_bairro_mean,bairro_rank,quartos_por_metro,vagas_por_metro",18,RandomForest|std_median_ohe|none_vagas_por_metro_2026_06,"{""metragem"": ""none"", ""quartos"": ""none"", ""banheiros"": ""none"", ""vagas"": ""none"", ""score_escola_privada"": ""none"", ""score_escola_publica"": ""none"", ""score_hospitais"": ""none"", ""score_mercado"": ""none"", ""score_farmacia"": ""none"", ""score_parque"": ""none"", ""score_seguranca"": ""none"", ""score_educacao"": ""none"", ""metro_quadrado_bairro_mean"": ""none"", ""metro_quadrado_bairro_median"": ""none"", ""valor_bairro_mean"": ""none"", ""bairro_rank"": ""none"", ""quartos_por_metro"": ""none"", ""vagas_por_metro"": ""none""}",0.7993514620676445,481183.35142558947,218102.6134835823,21.154033429496103,12.167846090400374
RandomForest|std_median_ohe|sqrt_banheiros_por_quarto_2026_06,RandomForest,std_median_ohe,19,simples,sqrt,StandardScaler,median,OneHotEncoder,"metragem,quartos,banheiros,vagas,score_escola_privada,score_escola_publica,score_hospitais,score_mercado,score_farmacia,score_parque,score_seguranca,score_educacao,metro_quadrado_bairro_mean,metro_quadrado_bairro_median,valor_bairro_mean,bairro_rank,quartos_por_metro,vagas_por_metro,banheiros_por_quarto",19,RandomForest|std_median_ohe|sqrt_banheiros_por_quarto_2026_06,"{""metragem"": ""sqrt"", ""quartos"": ""sqrt"", ""banheiros"": ""sqrt"", ""vagas"": ""sqrt"", ""score_escola_privada"": ""sqrt"", ""score_escola_publica"": ""sqrt"", ""score_hospitais"": ""sqrt"", ""score_mercado"": ""sqrt"", ""score_farmacia"": ""sqrt"", ""score_parque"": ""sqrt"", ""score_seguranca"": ""sqrt"", ""score_educacao"": ""sqrt"", ""metro_quadrado_bairro_mean"": ""sqrt"", ""metro_quadrado_bairro_median"": ""sqrt"", ""valor_bairro_mean"": ""sqrt"", ""bairro_rank"": ""sqrt"", ""quartos_por_metro"": ""sqrt"", ""vagas_por_metro"": ""sqrt"", ""banheiros_por_quarto"": ""sqrt""}",0.7988740939181258,481755.40928464424,218486.2548288514,21.077099142396985,12.206204769754414
GradientBoosting|std_median_ohe|yeojohnson_lat_2026_06,GradientBoosting,std_median_ohe,20,simples,yeojohnson,StandardScaler,median,OneHotEncoder,"metragem,quartos,banheiros,vagas,score_escola_privada,score_escola_publica,score_hospitais,score_mercado,score_farmacia,score_parque,score_seguranca,score_educacao,metro_quadrado_bairro_mean,metro_quadrado_bairro_median,valor_bairro_mean,bairro_rank,quartos_por_metro,vagas_por_metro,banheiros_por_quarto,lat",20,GradientBoosting|std_median_ohe|yeojohnson_lat_2026_06,"{""metragem"": ""yeojohnson"", ""quartos"": ""yeojohnson"", ""banheiros"": ""yeojohnson"", ""vagas"": ""yeojohnson"", ""score_escola_privada"": ""yeojohnson"", ""score_escola_publica"": ""yeojohnson"", ""score_hospitais"": ""yeojohnson"", ""score_mercado"": ""yeojohnson"", ""score_farmacia"": ""yeojohnson"", ""score_parque"": ""yeojohnson"", ""score_seguranca"": ""yeojohnson"", ""score_educacao"": ""yeojohnson"", ""metro_quadrado_bairro_mean"": ""yeojohnson"", ""metro_quadrado_bairro_median"": ""yeojohnson"", ""valor_bairro_mean"": ""yeojohnson"", ""bairro_rank"": ""yeojohnson"", ""quartos_por_metro"": ""yeojohnson"", ""vagas_por_metro"": ""yeojohnson"", ""banheiros_por_quarto"": ""yeojohnson"", ""lat"": ""yeojohnson""}",0.8043032065744757,475208.7708288292,234566.6638410717,22.890962938198058,14.639289486585561
RandomForest|std_median_ohe|none_lng_2026_06,RandomForest,std_median_ohe,21,simples,none,StandardScaler,median,OneHotEncoder,"metragem,quartos,banheiros,vagas,score_escola_privada,score_escola_publica,score_hospitais,score_mercado,score_farmacia,score_parque,score_seguranca,score_educacao,metro_quadrado_bairro_mean,metro_quadrado_bairro_median,valor_bairro_mean,bairro_rank,quartos_por_metro,vagas_por_metro,banheiros_por_quarto,lat,lng",21,RandomForest|std_median_ohe|none_lng_2026_06,"{""metragem"": ""none"", ""quartos"": ""none"", ""banheiros"": ""none"", ""vagas"": ""none"", ""score_escola_privada"": ""none"", ""score_escola_publica"": ""none"", ""score_hospitais"": ""none"", ""score_mercado"": ""none"", ""score_farmacia"": ""none"", ""score_parque"": ""none"", ""score_seguranca"": ""none"", ""score_educacao"": ""none"", ""metro_quadrado_bairro_mean"": ""none"", ""metro_quadrado_bairro_median"": ""none"", ""valor_bairro_mean"": ""none"", ""bairro_rank"": ""none"", ""quartos_por_metro"": ""none"", ""vagas_por_metro"": ""none"", ""banheiros_por_quarto"": ""none"", ""lat"": ""none"", ""lng"": ""none""}",0.7979752858718341,482830.66349165683,218446.03772228042,21.129884622908804,12.153732022917044
RandomForest|minmax_mean_ohe|sqrt_tipo_imovel_2026_06,RandomForest,minmax_mean_ohe,22,simples,sqrt,MinMaxScaler,mean,OneHotEncoder,"metragem,quartos,banheiros,vagas,score_escola_privada,score_escola_publica,score_hospitais,score_mercado,score_farmacia,score_parque,score_seguranca,score_educacao,metro_quadrado_bairro_mean,metro_quadrado_bairro_median,valor_bairro_mean,bairro_rank,quartos_por_metro,vagas_por_metro,banheiros_por_quarto,lat,lng,tipo_imovel",22,RandomForest|minmax_mean_ohe|sqrt_tipo_imovel_2026_06,"{""metragem"": ""sqrt"", ""quartos"": ""sqrt"", ""banheiros"": ""sqrt"", ""vagas"": ""sqrt"", ""score_escola_privada"": ""sqrt"", ""score_escola_publica"": ""sqrt"", ""score_hospitais"": ""sqrt"", ""score_mercado"": ""sqrt"", ""score_farmacia"": ""sqrt"", ""score_parque"": ""sqrt"", ""score_seguranca"": ""sqrt"", ""score_educacao"": ""sqrt"", ""metro_quadrado_bairro_mean"": ""sqrt"", ""metro_quadrado_bairro_median"": ""sqrt"", ""valor_bairro_mean"": ""sqrt"", ""bairro_rank"": ""sqrt"", ""quartos_por_metro"": ""sqrt"", ""vagas_por_metro"": ""sqrt"", ""banheiros_por_quarto"": ""sqrt"", ""lat"": ""sqrt"", ""lng"": ""sqrt"", ""tipo_imovel"": ""ohe""}",0.819628748030889,456222.03019676387,205648.33804819293,20.471820512821363,11.401765304761923
RandomForest|power_median_ohe|sqrt_bairro_2026_06,RandomForest,power_median_ohe,23,simples,sqrt,PowerTransformer,median,OneHotEncoder,"metragem,quartos,banheiros,vagas,score_escola_privada,score_escola_publica,score_hospitais,score_mercado,score_farmacia,score_parque,score_seguranca,score_educacao,metro_quadrado_bairro_mean,metro_quadrado_bairro_median,valor_bairro_mean,bairro_rank,quartos_por_metro,vagas_por_metro,banheiros_por_quarto,lat,lng,tipo_imovel,bairro",23,RandomForest|power_median_ohe|sqrt_bairro_2026_06,"{""metragem"": ""sqrt"", ""quartos"": ""sqrt"", ""banheiros"": ""sqrt"", ""vagas"": ""sqrt"", ""score_escola_privada"": ""sqrt"", ""score_escola_publica"": ""sqrt"", ""score_hospitais"": ""sqrt"", ""score_mercado"": ""sqrt"", ""score_farmacia"": ""sqrt"", ""score_parque"": ""sqrt"", ""score_seguranca"": ""sqrt"", ""score_educacao"": ""sqrt"", ""metro_quadrado_bairro_mean"": ""sqrt"", ""metro_quadrado_bairro_median"": ""sqrt"", ""valor_bairro_mean"": ""sqrt"", ""bairro_rank"": ""sqrt"", ""quartos_por_metro"": ""sqrt"", ""vagas_por_metro"": ""sqrt"", ""banheiros_por_quarto"": ""sqrt"", ""lat"": ""sqrt"", ""lng"": ""sqrt"", ""tipo_imovel"": ""ohe"", ""bairro"": ""ohe""}",0.8211971567353693,454234.1721371546,205288.6574118347,20.39085654096344,11.306518533745184
RandomForest|quantile_median_ord|yeojohnson_novo_lancamento_2026_06,RandomForest,quantile_median_ord,24,simples,yeojohnson,QuantileTransformer,median,OrdinalEncoder,"metragem,quartos,banheiros,vagas,score_escola_privada,score_escola_publica,score_hospitais,score_mercado,score_farmacia,score_parque,score_seguranca,score_educacao,metro_quadrado_bairro_mean,metro_quadrado_bairro_median,valor_bairro_mean,bairro_rank,quartos_por_metro,vagas_por_metro,banheiros_por_quarto,lat,lng,tipo_imovel,bairro,novo_lancamento",24,RandomForest|quantile_median_ord|yeojohnson_novo_lancamento_2026_06,"{""metragem"": ""yeojohnson"", ""quartos"": ""yeojohnson"", ""banheiros"": ""yeojohnson"", ""vagas"": ""yeojohnson"", ""score_escola_privada"": ""yeojohnson"", ""score_escola_publica"": ""yeojohnson"", ""score_hospitais"": ""yeojohnson"", ""score_mercado"": ""yeojohnson"", ""score_farmacia"": ""yeojohnson"", ""score_parque"": ""yeojohnson"", ""score_seguranca"": ""yeojohnson"", ""score_educacao"": ""yeojohnson"", ""metro_quadrado_bairro_mean"": ""yeojohnson"", ""metro_quadrado_bairro_median"": ""yeojohnson"", ""valor_bairro_mean"": ""yeojohnson"", ""bairro_rank"": ""yeojohnson"", ""quartos_por_metro"": ""yeojohnson"", ""vagas_por_metro"": ""yeojohnson"", ""banheiros_por_quarto"": ""yeojohnson"", ""lat"": ""yeojohnson"", ""lng"": ""yeojohnson"", ""tipo_imovel"": ""ordinal"", ""bairro"": ""ordinal"", ""novo_lancamento"": ""ordinal""}",0.8181713870815097,458061.41019776603,207151.49311427024,20.60920883534606,11.301927169939367
RandomForest|quantile_median_ord|log_tem_elevador_2026_06,RandomForest,quantile_median_ord,25,simples,log,QuantileTransformer,median,OrdinalEncoder,"metragem,quartos,banheiros,vagas,score_escola_privada,score_escola_publica,score_hospitais,score_mercado,score_farmacia,score_parque,score_seguranca,score_educacao,metro_quadrado_bairro_mean,metro_quadrado_bairro_median,valor_bairro_mean,bairro_rank,quartos_por_metro,vagas_por_metro,banheiros_por_quarto,lat,lng,tipo_imovel,bairro,novo_lancamento,tem_elevador",25,RandomForest|quantile_median_ord|log_tem_elevador_2026_06,"{""metragem"": ""log"", ""quartos"": ""log"", ""banheiros"": ""log"", ""vagas"": ""log"", ""score_escola_privada"": ""log"", ""score_escola_publica"": ""log"", ""score_hospitais"": ""log"", ""score_mercado"": ""log"", ""score_farmacia"": ""log"", ""score_parque"": ""log"", ""score_seguranca"": ""log"", ""score_educacao"": ""log"", ""metro_quadrado_bairro_mean"": ""log"", ""metro_quadrado_bairro_median"": ""log"", ""valor_bairro_mean"": ""log"", ""bairro_rank"": ""log"", ""quartos_por_metro"": ""log"", ""vagas_por_metro"": ""log"", ""banheiros_por_quarto"": ""log"", ""lat"": ""log"", ""lng"": ""log"", ""tipo_imovel"": ""ordinal"", ""bairro"": ""ordinal"", ""novo_lancamento"": ""ordinal"", ""tem_elevador"": ""ordinal""}",0.8265255348846582,447414.82623610477,204459.1043227481,20.391904710735854,11.304984310487542
